,album,artists,duration_ms,id,name,popularity,artist_id,genres,danceability,energy,speechiness,acousticness,instrumentalness,valence,tempo
0,"{'album_type': 'album', 'name': 'My Beautiful Dark Twisted Fantasy', 'release_date': '2010-11-22', 'total_tracks': 13, 'uri': 'spotify:album:20r762YmB5HeofjMCiPMLv'}",Kanye West,292093,2gZUPNdnz5Y45eiGxpHGSc,POWER,81,5K4W6rqBFWDnAN6FQUkS6x,"['chicago rap', 'hip hop', 'rap']",0.542,0.914,0.113,0.0161,0.0,0.576,153.993
1,"{'album_type': 'single', 'name': 'Bleu Chanel (Na-No Remix)', 'release_date': '2019-04-19', 'total_tracks': 1, 'uri': 'spotify:album:07D8zsqF4hTT2PnQQEaTTM'}",ARIA,163355,0J0busYTWpcKAcryFukUuk,Bleu Chanel (Na-No Remix),0,5pRlKxATEYXaSwYkFbkmMm,['g-house'],0.803,0.613,0.191,0.0491,0.0,0.164,122.024
2,"{'album_type': 'single', 'name': 'Take It', 'release_date': '2018-07-27', 'total_tracks': 1, 'uri': 'spotify:album:0RnDSHfOBbc3T4UCoy2s1Q'}",Dom Dolla,234440,3ebXuBiCPdiJeaHRiY0djO,Take It,56,205i7E8fNVfojowcQSfK9m,"['australian house', 'deep groove house', 'house']",0.851,0.742,0.0377,0.0259,0.256,0.236,123.033
3,"{'album_type': 'single', 'name': 'Pump It Up', 'release_date': '2019-09-13', 'total_tracks': 2, 'uri': 'spotify:album:3D8C4a5lYbpEu5bPQmOpJj'}",Endor,150635,0GiwV6v3AgJfdu59tj719Y,Pump It Up,74,6F3vLfyutkUhpM50G84eMt,"['deep groove house', 'scottish rock']",0.899,0.894,0.222,0.203,9.95e-05,0.654,129.047
4,"{'album_type': 'single', 'name': 'Who U Gonna Call', 'release_date': '2019-02-28', 'total_tracks': 1, 'uri': 'spotify:album:1uSAxnObxc3APGRgDyiceI'}",Bart B More,169999,5XoS31kWrMPUWvEePJmkbe,Who U Gonna Call,16,1eOOXqRHILTxqrEUAYyQU0,"['dutch edm', 'fidget house']",0.839,0.83,0.166,0.0144,0.826,0.274,126.411
5,"{'album_type': 'album', 'name': 'Yeezus', 'release_date': '2013-01-01', 'total_tracks': 10, 'uri': 'spotify:album:0XTAmejG8F97wF5MWoVbaY'}",Kanye West,231506,0hhNR8YFUEYNhWNuSoMErM,I Am A God,0,5K4W6rqBFWDnAN6FQUkS6x,"['chicago rap', 'hip hop', 'rap']",0.47,0.541,0.0763,0.0329,0.000723,0.296,112.077
6,"{'album_type': 'single', 'name': 'Liondub Street Series, Vol. 11: Black Widow', 'release_date': '2015-04-06', 'total_tracks': 5, 'uri': 'spotify:album:0oypb5nZLbPouUzLqYJ8OO'}",Macky Gee,268628,7GTrIRmjum3UMSPtZL21LB,Black Widow,56,5EDztvTkyoKtK0ZdEdhOFx,"['bass house', 'tekk']",0.907,0.961,0.05,0.0519,0.291,0.969,87.516
7,"{'album_type': 'single', 'name': 'DatDatDat', 'release_date': '2019-04-12', 'total_tracks': 1, 'uri': 'spotify:album:1ZSGPXoqQonfIn9FWWdhq9'}",BROHUG,157440,07AIGejOb0kM3S7mMHi7pm,DatDatDat,21,3IHsD0sttucHrX8b32Vcab,"['bass house', 'electro house']",0.729,0.915,0.0376,0.000189,0.51,0.484,124.996
8,"{'album_type': 'single', 'name': 'Freaks (Radio Edit)', 'release_date': '2014-01-01', 'total_tracks': 1, 'uri': 'spotify:album:3UHUPmhyPrnRx6clKjaZNs'}",Timmy Trumpet,168750,2VJ8G0LeX2hu7RWc4suNhe,Freaks - Radio Edit,1,0CbeG1224FS58EUx4tPevZ,"['australian dance', 'big room', 'melbourne bounce', 'melbourne bounce international']",0.886,0.967,0.142,0.0157,0.389,0.745,128.1
9,"{'album_type': 'album', 'name': 'Moments', 'release_date': '2018-07-20', 'total_tracks': 21, 'uri': 'spotify:album:7kwkli7T5ZWQP4yq7b8Igy'}",Macky Gee,227657,55pO2fWy1Ztt6hnGsyMkOG,Moments,0,5EDztvTkyoKtK0ZdEdhOFx,"['bass house', 'tekk']",0.579,0.947,0.0434,0.224,0.147,0.546,174.966
10,"{'album_type': 'album', 'name': 'Moments', 'release_date': '2018-07-20', 'total_tracks': 21, 'uri': 'spotify:album:7kwkli7T5ZWQP4yq7b8Igy'}",Macky Gee,227586,2PaXd5GxVwXHUraIi1MAOg,Turn Up,0,5EDztvTkyoKtK0ZdEdhOFx,"['bass house', 'tekk']",0.525,0.985,0.311,0.0413,0.00037,0.438,117.33
11,"{'album_type': 'single', 'name': 'Try', 'release_date': '2020-02-07', 'total_tracks': 1, 'uri': 'spotify:album:5TxcYB9LM80WX6tptFlETX'}",Macky Gee,182022,3Hl05Syl0RHyu76JjRZg8E,Try,0,5EDztvTkyoKtK0ZdEdhOFx,"['bass house', 'tekk']",0.68,0.98,0.362,0.0195,0.000548,0.691,177.952
12,"{'album_type': 'single', 'name': 'Blood // Water', 'release_date': '2018-05-04', 'total_tracks': 1, 'uri': 'spotify:album:2ih65NyzXsPwEsI1sMdyIy'}",grandson,216720,0AUyNF6iFxMNQsNx2nhtrw,Blood // Water,77,4ZgQDCtRqZlhLswVS6MHN4,"['modern alternative rock', 'modern rock', 'pov: indie', 'rock']",0.51,0.882,0.159,0.00158,0.00206,0.653,154.029
13,"{'album_type': 'single', 'name': 'Right Here, Right Now (CamelPhat Remix)', 'release_date': '2018-03-09', 'total_tracks': 2, 'uri': 'spotify:album:4vVDis95CVRDWSDcuwQ1vv'}",Fatboy Slim,209792,6VtKtv4e3u4hbUsS3iQTD5,"Right Here, Right Now - CamelPhat Radio Edit",0,4Y7tXHSEejGu1vQ9bwDdXW,"['big beat', 'electronica']",0.609,0.946,0.069,0.0192,0.604,0.0872,123.002
14,"{'album_type': 'album', 'name': ""It's A Gee Thing"", 'release_date': '2020-05-29', 'total_tracks': 28, 'uri': 'spotify:album:0uCac9P7pvodxnQaaaIzB2'}",Macky Gee,172000,4mqgknGENqG5K0NnJSwnoC,Not That Guy,0,5EDztvTkyoKtK0ZdEdhOFx,"['bass house', 'tekk']",0.786,0.957,0.263,0.0716,3.2e-05,0.56,74.983
15,"{'album_type': 'single', 'name': 'San Frandisco', 'release_date': '2019-09-20', 'total_tracks': 2, 'uri': 'spotify:album:66IfXKLEgsVPqwElkk8aeP'}",Dom Dolla,185000,4KrATQEoEbKAAY7j0kMDBl,San Frandisco,54,205i7E8fNVfojowcQSfK9m,"['australian house', 'deep groove house', 'house']",0.78,0.938,0.0491,0.0446,0.0977,0.502,125.031
16,"{'album_type': 'single', 'name': 'Moving Blind', 'release_date': '2020-06-26', 'total_tracks': 1, 'uri': 'spotify:album:3YyYfgOjIRdSXX3rPuQNfd'}",Sonny Fodera,192983,5b61HqDl2bKr6iMpLW7EQk,Moving Blind,46,39B7ChWwrWDs7zXlsu3MoP,"['house', 'pop dance', 'tech house', 'uk dance']",0.908,0.88,0.114,0.018,0.000544,0.369,122.0
17,"{'album_type': 'single', 'name': 'Raka', 'release_date': '2019-11-15', 'total_tracks': 4, 'uri': 'spotify:album:7JurJNkqUxD9h2RmffCAC6'}",Golden Features,229133,2hGEh8arAfHzomA28XHPdD,Raka,42,2SrWifjYv7b5tR8EzEmn1x,['industrial pop'],0.67,0.882,0.0387,0.00626,0.17,0.553,124.01
18,"{'album_type': 'album', 'name': 'Championships', 'release_date': '2018-11-30', 'total_tracks': 19, 'uri': 'spotify:album:6UYZEYjpN1DYRW0kqFy9ZE'}",Meek Mill,180522,2IRZnDFmlqMuOrYOLnZZyc,Going Bad (feat. Drake),83,20sxb77xiYeusSH8cVdatc,"['hip hop', 'philly rap', 'pop rap', 'rap', 'southern hip hop', 'trap']",0.889,0.496,0.0905,0.259,0.0,0.544,86.003
19,"{'album_type': 'album', 'name': 'Yeezus', 'release_date': '2013-06-18', 'total_tracks': 10, 'uri': 'spotify:album:7D2NdGvBHIavgLhmcwhluK'}",Kanye West,188013,722tgOgdIbNe3BEyLnejw4,Black Skinhead,77,5K4W6rqBFWDnAN6FQUkS6x,"['chicago rap', 'hip hop', 'rap']",0.766,0.809,0.279,0.0011,0.0,0.325,130.127
20,"{'album_type': 'single', 'name': 'If We Ever (Unglued Remix)', 'release_date': '2018-08-24', 'total_tracks': 2, 'uri': 'spotify:album:13J0NliLgLLxuABqrbDjoK'}",High Contrast,317974,2QUVsQu7ESIXqOuLTE4r0A,If We Ever - Unglued Remix,58,0bxHci3JIhhKA53n8rH3tT,"['drum and bass', 'uk dance', 'uk dnb']",0.665,0.864,0.147,0.0533,0.0295,0.278,173.007
21,"{'album_type': 'compilation', 'name': 'We Are Your Friends (Music From The Original Motion Picture)', 'release_date': '2015-08-21', 'total_tracks': 12, 'uri': 'spotify:album:0aMv03wMvTndzvWp8FuS4P'}",AlunaGeorge,304333,0OpcI3rARLsNWgVbPdwHD9,You Know You Like It - Tchami Remix,60,0LyfQWJT6nXafLPZqxe9Of,[],0.815,0.84,0.107,0.183,0.0843,0.587,122.988
22,"{'album_type': 'single', 'name': ""Don't Gas Me"", 'release_date': '2018-09-14', 'total_tracks': 5, 'uri': 'spotify:album:40s9ebO3BAEye8KqbIM8tU'}",Dizzee Rascal,227679,5OnNFaUjue55aBaKIaT63K,Don't Gas Me,53,0gusqTJKxtU1UTmNRMHZcv,"['grime', 'instrumental grime']",0.875,0.938,0.116,0.164,0.0,0.966,131.986
23,"{'album_type': 'single', 'name': 'You Little Beauty', 'release_date': '2019-05-09', 'total_tracks': 1, 'uri': 'spotify:album:1mTEDq5qWNQuWdgrQLI1eg'}",FISHER,206587,44Lfefp20d2JE2EEvOnaXD,You Little Beauty,53,1VJ0briNOlXRtJUAzoUJdt,"['australian house', 'house']",0.927,0.953,0.0915,0.00237,0.466,0.915,123.983
24,"{'album_type': 'single', 'name': 'Emergency', 'release_date': '2020-09-18', 'total_tracks': 1, 'uri': 'spotify:album:4xeOgbxFCERSTBCaxuKSqY'}",Sofi Tukker,192760,0iQd47VJs14l8EA00PlI71,Emergency,47,586uxXMyD5ObPuzjtrzO1Q,['edm'],0.713,0.84,0.0372,0.0235,0.305,0.867,124.986
25,"{'album_type': 'album', 'name': 'Gang Signs & Prayer', 'release_date': '2017-02-24', 'total_tracks': 16, 'uri': 'spotify:album:5fkFWJ9LZizXE4yPenNGuy'}",Stormzy,179564,2LPUvD5DDOO4UYGkWgjI2C,Shut Up,22,2SrSdSvpminqmStGELCSNd,"['grime', 'uk hip hop']",0.468,0.823,0.466,0.81,0.0,0.941,74.457
26,"{'album_type': 'album', 'name': 'Shoot For The Stars Aim For The Moon', 'release_date': '2020-07-03', 'total_tracks': 19, 'uri': 'spotify:album:7e7t0MCrNDcJZsPwUKjmOc'}",Pop Smoke,164579,25zlnOAzbVoOzIeXSvQFf1,Got It On Me,78,0eDvMgVFoNV3TpwtrVCoTj,"['brooklyn drill', 'rap']",0.688,0.647,0.19,0.00815,1.65e-05,0.195,88.834
27,"{'album_type': 'album', 'name': 'Meet The Woo 2', 'release_date': '2020-02-07', 'total_tracks': 13, 'uri': 'spotify:album:4MZnolldq7ciKKlbVDzLm5'}",Pop Smoke,216386,41Ee1u8ignxtICyaPI5OqO,Dior - Bonus,54,0eDvMgVFoNV3TpwtrVCoTj,"['brooklyn drill', 'rap']",0.719,0.797,0.334,0.208,0.00045,0.684,142.054
28,"{'album_type': 'album', 'name': 'Shoot For The Stars Aim For The Moon', 'release_date': '2020-07-03', 'total_tracks': 19, 'uri': 'spotify:album:7e7t0MCrNDcJZsPwUKjmOc'}",Pop Smoke,216243,6PnTgx9lyvLGIcPnroCvc2,Dior - Bonus,58,0eDvMgVFoNV3TpwtrVCoTj,"['brooklyn drill', 'rap']",0.676,0.746,0.344,0.0893,0.00157,0.675,142.035
29,"{'album_type': 'album', 'name': 'Shoot For The Stars Aim For The Moon', 'release_date': '2020-07-03', 'total_tracks': 19, 'uri': 'spotify:album:7e7t0MCrNDcJZsPwUKjmOc'}",Pop Smoke,192000,1JDhNQ0oOT7XpclZn3aQ8F,West Coast Shit (feat. Tyga & Quavo),58,0eDvMgVFoNV3TpwtrVCoTj,"['brooklyn drill', 'rap']",0.831,0.762,0.207,0.0885,0.0,0.495,99.999
30,"{'album_type': 'single', 'name': ""I Was Lovin' You (feat. Dots Per Inch & Ayak) [Remixes]"", 'release_date': '2019-08-16', 'total_tracks': 3, 'uri': 'spotify:album:45rVLBRX4C8fI3eafbrrQm'}",James Hype,244283,51bwChuoablcgmmSjvwe8Y,I Was Lovin' You (feat. Dots Per Inch & Ayak) - TS7 Remix,56,43BxCL6t4c73BQnIJtry5v,"['deep groove house', 'pop dance', 'uk dance']",0.738,0.906,0.115,0.00746,0.0295,0.697,131.027
31,"{'album_type': 'album', 'name': 'Run', 'release_date': '2015-03-17', 'total_tracks': 14, 'uri': 'spotify:album:7BSmYQDkYNTkzltG1OmKP3'}",AWOLNATION,241653,0MPQ03m2QLoB02I4UXQR9c,Run,0,4njdEjTnLfcGImKZu1iSrz,"['la indie', 'modern alternative rock', 'modern rock', 'rock', 'stomp pop']",0.683,0.659,0.0506,0.756,0.636,0.65,138.002
32,"{'album_type': 'compilation', 'name': 'Spider-Man: Into the Spider-Verse (Soundtrack From & Inspired by the Motion Picture)', 'release_date': '2018-12-14', 'total_tracks': 13, 'uri': 'spotify:album:35s58BRTGAEWztPo9WqCIs'}",Duckwrth,171466,6V81K1OcvYgHEnCA6A2Qx9,Start a Riot,74,0LyfQWJT6nXafLPZqxe9Of,[],0.728,0.727,0.206,0.0128,0.0,0.89,143.144
33,"{'album_type': 'single', 'name': 'Fat Beat', 'release_date': '2019-03-04', 'total_tracks': 1, 'uri': 'spotify:album:20SSnc2sKancuJyksWWovw'}",Will Sparks,158340,6vkZlB6ENDJgiDuR88UlaU,Fat Beat,48,1u7OVFmWah4wQhOPIbUb8U,"['big room', 'melbourne bounce', 'melbourne bounce international']",0.371,0.866,0.0565,0.00725,0.688,0.0601,139.738
34,"{'album_type': 'compilation', 'name': 'World Famous Miami 2019', 'release_date': '2019-03-14', 'total_tracks': 9, 'uri': 'spotify:album:79ykVuA62ptwlLqRXjQH0e'}",Botnek,268800,7MYo1KxHpYOfpO48E4ORq2,Inside The Groove - 2019 Edit,0,56coS2IZSVdhIlHyzR75mK,"['bass house', 'canadian electronic', 'electro house']",0.943,0.995,0.0865,0.00451,0.54,0.548,125.002
35,"{'album_type': 'single', 'name': ""WE'RE BACK"", 'release_date': '2019-05-22', 'total_tracks': 1, 'uri': 'spotify:album:53cBoSybvXcVo7xkr7LuUU'}",Marten Hørger,195483,5SXmji0iHvrjanTEWOgs02,WE'RE BACK,7,0EdUwJSqkMmsH6Agg3G8Ls,['tech house'],0.835,0.941,0.0863,0.0146,0.594,0.245,124.011
36,"{'album_type': 'compilation', 'name': 'Night Bass Remixed Vol. 1', 'release_date': '2017-07-07', 'total_tracks': 8, 'uri': 'spotify:album:7HudruvaISdJ2DyD85XyKv'}",AC Slater,278400,30Ek6vDZ77PWTQS9HiV3xB,Fly Kicks - Wax Motif Remix,52,0LyfQWJT6nXafLPZqxe9Of,[],0.897,0.692,0.0492,0.0187,0.728,0.607,125.024
37,"{'album_type': 'single', 'name': 'Illuminate (Sub Focus & Wilkinson)', 'release_date': '2019-09-13', 'total_tracks': 1, 'uri': 'spotify:album:1LIYMc0XneTUz7sOHAT1mj'}",Sub Focus,179560,7D5qMGajdfznFcXFArk5VE,Illuminate - Sub Focus & Wilkinson,53,0QaSiI5TLA4N7mcsdxShDO,"['dancefloor dnb', 'drum and bass', 'uk dance']",0.447,0.931,0.0509,0.0475,0.225,0.141,173.992
38,"{'album_type': 'single', 'name': 'Hamsterdam', 'release_date': '2019-05-10', 'total_tracks': 1, 'uri': 'spotify:album:42Rn3YSL1sZlyapaKgeD3t'}",Bart B More,184831,0wUVEYiaNNLsDTvI7XsYSa,Hamsterdam,15,1eOOXqRHILTxqrEUAYyQU0,"['dutch edm', 'fidget house']",0.875,0.82,0.0569,0.00816,0.912,0.823,126.048
39,"{'album_type': 'single', 'name': 'Goes Like This', 'release_date': '2019-05-06', 'total_tracks': 1, 'uri': 'spotify:album:4k0QfpygUEKflbzC6WQ4vh'}",Thomas Newson,174720,3KygB9qtMIJ9lMkrOZfnLS,Goes Like This,20,66MrdPDHTjnnMOTBmC81q5,"['dutch house', 'electro house', 'progressive electro house', 'sky room']",0.693,0.968,0.058,0.0112,0.797,0.487,124.998
40,"{'album_type': 'single', 'name': 'Oldskool', 'release_date': '2019-05-10', 'total_tracks': 1, 'uri': 'spotify:album:54VKoIUDgO7V5h3H2Ff2i2'}",Julian Jordan,161641,2Q7kTdM2rHHJiP8ikFw12o,Oldskool,44,2vUCVkeZjzDcaoX4gagHdV,"['dutch edm', 'dutch house', 'edm', 'electro house', 'pop dance', 'progressive electro house', 'progressive house']",0.655,0.976,0.0485,0.0045,0.688,0.0729,126.032
41,"{'album_type': 'single', 'name': 'Kickers', 'release_date': '2019-04-29', 'total_tracks': 1, 'uri': 'spotify:album:2R7X6BBhuPhK5CFAbqkLHn'}",GODAMN,189609,43JTSkdMnBnM4GEPWtj2tN,Kickers,28,1d0vEmkXUarbPdO4CDqUPB,['bass house'],0.593,0.928,0.0551,0.0533,0.841,0.144,123.96
42,"{'album_type': 'single', 'name': 'Voyager VIP', 'release_date': '2017-12-25', 'total_tracks': 1, 'uri': 'spotify:album:1uBa3G5M6lT0kqPuC1ngk2'}",Matzet,220800,5tVMoj5f2q3pgWLYHphlCH,Voyager VIP,42,02blvrUo0DPgKSZjxTeTh8,['jump up'],0.668,0.995,0.0554,0.017,5.96e-05,0.849,174.983
43,"{'album_type': 'album', 'name': 'Sway', 'release_date': '2016-04-04', 'total_tracks': 16, 'uri': 'spotify:album:2yp5t2psh9zmTTuWicTaBf'}",Macky Gee,271542,3DHI3RkyKXLvgHL0hXDkgI,Nutta,0,5EDztvTkyoKtK0ZdEdhOFx,"['bass house', 'tekk']",0.804,0.984,0.072,0.0156,7.67e-05,0.633,175.037
44,"{'album_type': 'single', 'name': 'Whoopty', 'release_date': '2020-08-20', 'total_tracks': 1, 'uri': 'spotify:album:5oBYG6dEI2Er6EeLnmonGE'}",CJ,123262,5vGLcdRuSbUhD8ScwsGSdA,Whoopty,74,7arQA31aZVS8yS6zUveWzb,['nyc rap'],0.719,0.648,0.125,0.2,0.0,0.66,140.201
45,"{'album_type': 'single', 'name': 'Full Send [UKF10]', 'release_date': '2019-10-11', 'total_tracks': 1, 'uri': 'spotify:album:73hIrA5CbImz5wN4QSXgYy'}",1991,229137,1bKLxdg9QOkwcOy3PYv7Fk,Full Send,1,2IP71LH7CbwddhsEXBI0fy,['dancefloor dnb'],0.514,0.956,0.0297,0.0363,0.0759,0.489,173.955
46,"{'album_type': 'single', 'name': 'Alive', 'release_date': '2020-11-20', 'total_tracks': 1, 'uri': 'spotify:album:7BnjJ7fmbHiehY8WjwoKs9'}",PAX,230476,3ijMfK5xwJTDdeyJp72mPM,Alive,0,3NYySx3H1V7zHemD9hmsQv,"['house', 'tech house']",0.733,0.693,0.0326,0.0127,0.066,0.104,126.006
47,"{'album_type': 'album', 'name': 'Man On The Moon III: The Chosen', 'release_date': '2020-12-11', 'total_tracks': 18, 'uri': 'spotify:album:64nbgEEIcY4g1ElVLONJ0w'}",Kid Cudi,174960,5CFJRZRq6sdKKtRwNPWbYv,Show Out (with Skepta & Pop Smoke),71,0fA0VVWsXO9YnASrzqfmYu,"['hip hop', 'ohio hip hop', 'pop rap', 'rap']",0.619,0.589,0.124,0.43,0.000392,0.158,143.896
48,"{'album_type': 'album', 'name': 'Meet The Woo 2', 'release_date': '2020-02-07', 'total_tracks': 13, 'uri': 'spotify:album:4MZnolldq7ciKKlbVDzLm5'}",Pop Smoke,165640,7rSnKi58HPIVC0FVyh04Q1,Shake The Room (feat. Quavo),69,0eDvMgVFoNV3TpwtrVCoTj,"['brooklyn drill', 'rap']",0.733,0.684,0.177,0.142,0.0,0.437,142.04
49,"{'album_type': 'album', 'name': 'JACKBOYS', 'release_date': '2019-12-27', 'total_tracks': 7, 'uri': 'spotify:album:1Sf8GsXG32t0jNrX11xqWx'}",JACKBOYS,181144,40mjsnRjCpycdUw3xhS20g,GATTI,78,7A8S43ryYdbWpJKeHRZRcq,['pop rap'],0.594,0.676,0.344,0.135,0.0,0.472,143.477
50,"{'album_type': 'single', 'name': 'Comments', 'release_date': '2020-02-13', 'total_tracks': 1, 'uri': 'spotify:album:3NvvLLH0y08hFVb1oGRmPn'}",Brokeasf,132413,4yGpNp3up6cLAuEVD1jTeB,Comments,41,5jHU4288qLBI7EHPc9gmdj,['florida rap'],0.777,0.723,0.246,0.013,0.0,0.354,174.088
51,"{'album_type': 'single', 'name': 'Levels', 'release_date': '2011-10-28', 'total_tracks': 4, 'uri': 'spotify:album:4mkvtXQd6rD7zuAHhexEvb'}",Avicii,199903,0JhKJg5ejeQ8jq89UQtnw8,Levels - Radio Edit,1,1vCWHaC5f2uS3yhpwWbIA6,"['edm', 'pop', 'pop dance']",0.62,0.881,0.0372,0.0585,0.714,0.415,126.035
52,"{'album_type': 'single', 'name': 'Bamboozle', 'release_date': '2018-04-27', 'total_tracks': 2, 'uri': 'spotify:album:6qwGWuOdaTrnf4Njrwwb13'}",Hannah Wants,366250,5fY0dL2j93EkLwekunm4xN,Bamboozle - Original Mix,24,7sK4hnuUOXw6VStDw0q8NI,"['house', 'uk dance']",0.844,0.945,0.0693,0.00612,0.658,0.821,126.965
53,"{'album_type': 'album', 'name': 'Before the Storm', 'release_date': '2000-01-01', 'total_tracks': 11, 'uri': 'spotify:album:5GnRROSFWQhuxfDkyBALGb'}",Darude,225666,3dxDj8pDPlIHCIrUPXuCeG,Sandstorm,71,0LhHRmSd1EYM5QdNeNnCoQ,"['eurodance', 'finnish edm']",0.532,0.967,0.0457,0.146,0.985,0.59,136.083
54,"{'album_type': 'single', 'name': 'Badman (Remixes)', 'release_date': '2015-03-23', 'total_tracks': 4, 'uri': 'spotify:album:7vLTuMFJEIMRkG1IzoiAtM'}",Autoerotique,233093,2gWBICyhji6qmrIsWyttZ7,Badman - Torro Torro Remix,50,3SvCpwSeoWCcjfo8zjPZKB,"['brostep', 'canadian electronic', 'electro house']",0.73,0.994,0.0405,0.0184,0.268,0.819,126.989
55,"{'album_type': 'single', 'name': 'Shelf Life (Remixes)', 'release_date': '2020-12-11', 'total_tracks': 3, 'uri': 'spotify:album:7GPV9wiaP7NR1dpGS9A9vR'}",Northeast Party House,266929,28IBGvVeM6na3rK4PHBAZZ,Shelf Life - Benson Remix,10,500YRyClzP6Z7HtWd1BIje,['australian indie'],0.751,0.665,0.0432,0.00404,0.576,0.051,127.032
56,"{'album_type': 'single', 'name': 'Teach Me (Amelie Lens Remixes)', 'release_date': '2019-02-11', 'total_tracks': 2, 'uri': 'spotify:album:54lRkxqFP3gfn1aOFsLmqV'}",Adam Beyer,325384,1BAf4QwMu4LXn6DsRH3XiU,Teach Me - Amelie Lens Acid Mix,30,1btv9qmIpbp7q1ixCYNdHu,"['dark techno', 'minimal techno', 'raw techno', 'schranz', 'swedish electronic', 'swedish techno', 'techno']",0.635,0.756,0.0381,0.000564,0.868,0.106,129.998
57,"{'album_type': 'album', 'name': 'Meet The Woo 2 (Deluxe)', 'release_date': '2020-02-12', 'total_tracks': 16, 'uri': 'spotify:album:5NTOvCGu7HT4DgJGLXtKUU'}",Pop Smoke,127546,4lCSOu4tsSlljiQUlWJYVt,Invincible,58,0eDvMgVFoNV3TpwtrVCoTj,"['brooklyn drill', 'rap']",0.731,0.734,0.273,0.127,0.0,0.625,142.983
58,"{'album_type': 'single', 'name': 'Hands Up', 'release_date': '2020-07-31', 'total_tracks': 1, 'uri': 'spotify:album:5BgWLwBlDLUaDkoDPOWju0'}",Martin Ikin,215551,31JdRxYbLDifLWRztbWznv,Hands Up,35,7DhdJhd6DrxeJlUajwttd1,"['house', 'tech house']",0.846,0.994,0.0642,0.0258,0.00411,0.678,126.981
59,"{'album_type': 'album', 'name': 'Club Life, Vol. 4 - New York City', 'release_date': '2015-05-18', 'total_tracks': 18, 'uri': 'spotify:album:57bABnvvPfNhBQRI70dqlU'}",Tiësto,250946,0NIC4unbe5KZOp1d9T7OaF,Secrets,68,2o5jDhtHVPhrJdv3cEQ99Z,"['big room', 'brostep', 'dutch edm', 'edm', 'house', 'pop dance', 'slap house', 'trance']",0.648,0.812,0.0414,0.000329,0.0369,0.122,128.178
60,"{'album_type': 'single', 'name': 'Yeah Yeah Yeah', 'release_date': '2015-07-24', 'total_tracks': 1, 'uri': 'spotify:album:6wNPedWIJRB1Jblr5dofvj'}",Jax Jones,219602,6reg46TnVrrHBEpV4H9yZN,Yeah Yeah Yeah - Radio Edit,42,4Q6nIcaBED8qUel8bBx6Cr,"['dance pop', 'edm', 'house', 'pop dance', 'uk dance', 'uk pop']",0.692,0.699,0.0317,0.114,0.101,0.71,121.996
61,"{'album_type': 'single', 'name': 'Break Shit', 'release_date': '2020-03-20', 'total_tracks': 1, 'uri': 'spotify:album:589UEOGJTF0Jk8sXA4GLKA'}",Jasiah,95483,0Sd0kdgU6HrIclxYjuV99j,Break Shit,59,7502fDxg339jvGV08Jd4R0,"['aesthetic rap', 'dark trap', 'ohio hip hop']",0.863,0.587,0.295,0.209,0.0,0.749,93.29
62,"{'album_type': 'album', 'name': 'Meet The Woo (Deluxe Version)', 'release_date': '2019-09-13', 'total_tracks': 11, 'uri': 'spotify:album:22py1IeIi51c0GBYEHQTsI'}",Pop Smoke,215493,5RNPPzwwFUg1htOrw5NdRq,Welcome To The Party (feat. Skepta) - Remix,40,0eDvMgVFoNV3TpwtrVCoTj,"['brooklyn drill', 'rap']",0.483,0.652,0.184,0.0249,1.02e-05,0.266,107.206
63,"{'album_type': 'single', 'name': 'The Business', 'release_date': '2020-09-16', 'total_tracks': 1, 'uri': 'spotify:album:2adSO4KU3FDjeM1PXCRDZm'}",Tiësto,164000,6f3Slt0GbA2bPZlz0aIFXN,The Business,82,2o5jDhtHVPhrJdv3cEQ99Z,"['big room', 'brostep', 'dutch edm', 'edm', 'house', 'pop dance', 'slap house', 'trance']",0.798,0.62,0.232,0.414,0.0192,0.235,120.031
64,"{'album_type': 'single', 'name': 'Turn Down for What', 'release_date': '2013-12-18', 'total_tracks': 1, 'uri': 'spotify:album:3zo0Hxh9rjJsdw2JAKReE3'}",DJ Snake,213733,67awxiNHNyjMXhVgsHuIrs,Turn Down for What,74,540vIaP2JwjQb9dm3aArA4,"['edm', 'electronic trap', 'pop', 'pop dance']",0.818,0.799,0.156,0.00107,0.128,0.0815,100.014
65,"{'album_type': 'album', 'name': 'Tonight Alright', 'release_date': '2004-03-29', 'total_tracks': 12, 'uri': 'spotify:album:5WqHoLszhaCZHgtTebMx8X'}",Spiderbait,205973,7uSsHbBFFAnkRQR1rDwP3L,Black Betty - Edit,70,6P7kkhED6EPrfoZuxz20Fo,"['australian alternative rock', 'australian rock']",0.562,0.865,0.0922,2.06e-05,0.591,0.35,124.047
66,"{'album_type': 'compilation', 'name': ""The Hitman's Bodyguard (Original Soundtrack Album)"", 'release_date': '2017', 'total_tracks': 15, 'uri': 'spotify:album:4d2jQf2hUMpyhk1xHdhLyw'}",Spiderbait,255224,7gfxaoDprGCQI9zvSwHLrA,Black Betty,62,0LyfQWJT6nXafLPZqxe9Of,[],0.47,0.835,0.0874,8.78e-06,0.516,0.431,124.016
67,"{'album_type': 'album', 'name': 'Ceremonials', 'release_date': '2011', 'total_tracks': 15, 'uri': 'spotify:album:3JODIzr9NLL7CMojdUR70g'}",Florence + The Machine,218190,57yeWyaoeTt26p0dlEZukQ,Spectrum (Say My Name) - Calvin Harris Remix,75,1moxjboGR7GNWYIMWsRjgG,"['baroque pop', 'modern rock', 'uk alternative pop']",0.578,0.946,0.0482,0.00225,0.00412,0.588,126.092
68,"{'album_type': 'album', 'name': 'Money Sucks, Friends Rule', 'release_date': '2014-10-22', 'total_tracks': 12, 'uri': 'spotify:album:0GJ7jQJRIQNDjz54cPo2XI'}",Dillon Francis,212773,3oZoXyU0SkDldgS7AcN4y4,Get Low,65,5R3Hr2cnCCjt220Jmt2xLf,"['brostep', 'edm', 'electro house', 'moombahton', 'pop dance', 'progressive electro house', 'slap house']",0.674,0.932,0.0859,0.0282,0.71,0.728,101.033
69,"{'album_type': 'single', 'name': 'Get Stupid (Radio Edit)', 'release_date': '2020-08-28', 'total_tracks': 1, 'uri': 'spotify:album:5m2XQ9RPurz1MFy0HJZwpF'}",Cloonee,227124,6tRw25Pa6zMiXFkZ3xBB2I,Get Stupid - Radio Edit,0,7MdlXmq2HViAJWo9cf30sR,['tech house'],0.859,0.677,0.0879,0.00216,0.00375,0.73,128.001
70,"{'album_type': 'album', 'name': 'Lazers Not Included', 'release_date': '2013-01-01', 'total_tracks': 13, 'uri': 'spotify:album:5BetJhjCEWc6GFfqSPupUB'}",Wilkinson,287241,2rnDPE04mBt78lfmp9JNDP,Take You Higher,54,6m8itYST9ADjBIYevXSb1r,"['dancefloor dnb', 'drum and bass', 'uk dance']",0.483,0.966,0.0501,0.000652,0.012,0.442,173.991
71,"{'album_type': 'single', 'name': 'Babylon (feat. Denzel Curry) [Remixes]', 'release_date': '2017-10-06', 'total_tracks': 3, 'uri': 'spotify:album:7AAfQSVbt4tCA7HFIl0Qy6'}",Ekali,156923,0sW7xBDLtKuGvcPxmt75CT,Babylon (feat. Denzel Curry) - Skrillex & Ronny J Remix,50,0Y0QSi6lz1bPik5Ffjr8sd,"['brostep', 'canadian electronic', 'edm', 'electro house', 'electronic trap', 'future bass', 'vapor twitch']",0.869,0.869,0.208,0.00917,4.98e-06,0.661,130.005
72,"{'album_type': 'single', 'name': 'Bangers[6].Zip', 'release_date': '2020-10-16', 'total_tracks': 3, 'uri': 'spotify:album:3djSUWm3m92BDIXUxg3Fii'}",GRiZ,188800,7924NRevY7KfgupyhT6Xky,Juicy,1,25oLRSUjJk4YHNUsQXk7Ut,"['jamtronica', 'jazztronica', 'livetronica']",0.504,0.981,0.0476,0.000265,0.687,0.582,75.025
73,"{'album_type': 'single', 'name': 'You Can Have Me (If You Want Me)', 'release_date': '2020-10-16', 'total_tracks': 1, 'uri': 'spotify:album:6U3hHrZBc54cqaxj0vqz0i'}",Twelve,156566,6CUa0iKcDgblZhLStRkq8u,You Can Have Me (If You Want Me),50,5WwVhFK3J7CWQn30hZ8GPb,[],0.88,0.772,0.0665,0.0432,0.00228,0.835,118.01
74,"{'album_type': 'album', 'name': 'Meet The Woo 2 (Deluxe)', 'release_date': '2020-02-12', 'total_tracks': 16, 'uri': 'spotify:album:5NTOvCGu7HT4DgJGLXtKUU'}",Pop Smoke,108160,7CC9nqOp7fXsoyKsitBZ6J,Get Back,55,0eDvMgVFoNV3TpwtrVCoTj,"['brooklyn drill', 'rap']",0.799,0.647,0.307,0.0748,1.13e-05,0.586,142.005
75,"{'album_type': 'album', 'name': 'AT.LONG.LAST.A$AP', 'release_date': '2015-05-26', 'total_tracks': 18, 'uri': 'spotify:album:3arNdjotCvtiiLFfjKngMc'}",A$AP Rocky,260986,2N3U8uTYhjX2KwGT0pf5x0,"Everyday (feat. Rod Stewart, Miguel & Mark Ronson)",79,13ubrt8QOOCPljQ2FL1Kca,"['east coast hip hop', 'hip hop', 'rap', 'trap']",0.394,0.661,0.192,0.00996,0.0,0.335,149.818
76,"{'album_type': 'album', 'name': 'MISCREANT', 'release_date': '2019-09-20', 'total_tracks': 8, 'uri': 'spotify:album:4X381fJ53pMVKyFYoFNBYA'}",Sueco,144000,1FOINGDWa0dPgCpMabLT4Y,fast,64,4iDroUFo89Y7YBsdDTBmTD,['cali rap'],0.861,0.599,0.217,0.182,0.00855,0.527,100.026
77,"{'album_type': 'single', 'name': 'All Bets Are Off', 'release_date': '2019-08-02', 'total_tracks': 1, 'uri': 'spotify:album:1VjnHCv01BkCsLbnGlVmoD'}",Oliver Tree,128447,0SYRCy90Nr9QSOa8eMRWaw,All Bets Are Off,50,6TLwD7HPWuiOzvXEa3oCNe,['alternative hip hop'],0.674,0.879,0.141,0.0362,0.0,0.551,145.484
78,"{'album_type': 'single', 'name': 'Do You Feel Me?', 'release_date': '2019-08-02', 'total_tracks': 1, 'uri': 'spotify:album:61ySPdOmnFtNhA8M7HIBLV'}",Oliver Tree,187754,2O7itneeXoILR304z8zzev,Do You Feel Me?,48,6TLwD7HPWuiOzvXEa3oCNe,['alternative hip hop'],0.656,0.547,0.0392,0.0149,0.181,0.232,114.013
79,"{'album_type': 'album', 'name': 'The Eminem Show', 'release_date': '2002-05-26', 'total_tracks': 20, 'uri': 'spotify:album:2cWBwpqMsDJC1ZUwz813lo'}",Eminem,297786,4xkOaSrkexMciUUogZKVTS,Till I Collapse,88,7dGJo4pcD2V6oG8kP0tJRR,"['detroit hip hop', 'hip hop', 'rap']",0.548,0.847,0.186,0.0622,0.0,0.1,171.447
80,"{'album_type': 'album', 'name': 'The Eminem Show', 'release_date': '2002-05-26', 'total_tracks': 20, 'uri': 'spotify:album:2cWBwpqMsDJC1ZUwz813lo'}",Eminem,324546,15qrWkkYCfmtu1uRpGf48L,White America,68,7dGJo4pcD2V6oG8kP0tJRR,"['detroit hip hop', 'hip hop', 'rap']",0.558,0.615,0.229,0.0103,0.0,0.16,76.673
81,"{'album_type': 'single', 'name': 'REDLIGHT (Holy Goof Remix)', 'release_date': '2019-07-26', 'total_tracks': 1, 'uri': 'spotify:album:7IgHTf3cYdcnuBJ1BC7W29'}",NGHTMRE,240000,0dPcCco9gfUVAb0JVds2NB,REDLIGHT - Holy Goof Remix,49,76M2Ekj8bG8W7X2nbx2CpF,"['brostep', 'edm', 'electro house']",0.689,0.924,0.26,0.0121,5.95e-05,0.686,129.987
82,"{'album_type': 'album', 'name': ""A Fever You Can't Sweat Out"", 'release_date': '2005-09-27', 'total_tracks': 13, 'uri': 'spotify:album:01hp4DvayKlnqUQrmk0vvz'}",Panic! At The Disco,185586,5cY8y2XgOfkAh4kSWLFKkz,I Write Sins Not Tragedies,73,20JZFwl6HVl6yg8a4H3ZqK,['pop'],0.566,0.815,0.14,0.0737,0.0,0.672,169.961
83,"{'album_type': 'single', 'name': 'AP (Music from the film Boogie)', 'release_date': '2021-02-26', 'total_tracks': 1, 'uri': 'spotify:album:2xAPKH0b7vGsyD5xzkPpnI'}",Pop Smoke,171891,17vGPZ5EsdvtgAOCD4FLWI,AP - Music from the film Boogie,67,0eDvMgVFoNV3TpwtrVCoTj,"['brooklyn drill', 'rap']",0.751,0.744,0.177,0.152,0.000568,0.634,148.014
84,"{'album_type': 'single', 'name': ""Flexin'"", 'release_date': '2019-06-28', 'total_tracks': 1, 'uri': 'spotify:album:5jSifSNBzx4irk78gafWld'}",Pop Smoke,158693,7mpoOB5YMpPnbllsALgSfr,Flexin',66,0eDvMgVFoNV3TpwtrVCoTj,"['brooklyn drill', 'rap']",0.605,0.868,0.317,0.113,3.79e-05,0.517,147.937
85,"{'album_type': 'album', 'name': 'Meet The Woo 2', 'release_date': '2020-02-07', 'total_tracks': 13, 'uri': 'spotify:album:4MZnolldq7ciKKlbVDzLm5'}",Pop Smoke,135746,57BGVV6wcyhbn3hsjlqEZB,Element,81,0eDvMgVFoNV3TpwtrVCoTj,"['brooklyn drill', 'rap']",0.772,0.878,0.324,0.0301,2.18e-06,0.305,61.311
86,"{'album_type': 'album', 'name': 'Meet The Woo 2', 'release_date': '2020-02-07', 'total_tracks': 13, 'uri': 'spotify:album:4MZnolldq7ciKKlbVDzLm5'}",Pop Smoke,190680,2IT0T0EqPaUxasjl2o8J2G,Christopher Walking,64,0eDvMgVFoNV3TpwtrVCoTj,"['brooklyn drill', 'rap']",0.773,0.744,0.244,0.0114,0.0,0.764,141.004
87,"{'album_type': 'single', 'name': 'Ashes', 'release_date': '2020-05-03', 'total_tracks': 1, 'uri': 'spotify:album:41gMZm0ib3Je8hU0eFNUwS'}",Stellar,166355,3Pj6u2KTgepyyidp5xfbHp,Ashes,76,5yw4tA8D5uG7tT3NaDvq10,['social media pop'],0.712,0.568,0.0546,0.0947,0.0,0.46,130.019
88,"{'album_type': 'single', 'name': 'The Renegade EP', 'release_date': '2013-07-26', 'total_tracks': 4, 'uri': 'spotify:album:2nFqzhDJO6HBSQHGpsYhw7'}",Friend Within,150703,7dyWwtPsaL3ThtPtkA4oQK,The Renegade,55,4FJPplt1JOVw8Q7NiwFmLv,"['house', 'uk dance']",0.779,0.929,0.0652,0.00683,0.0,0.439,125.001
89,"{'album_type': 'single', 'name': 'Diffusion', 'release_date': '2017-02-13', 'total_tracks': 4, 'uri': 'spotify:album:2Jh13XcKdYfeiK9OEDsFix'}",Odd Mob,193432,1U3nHai9ueJCuEXbf8TvBA,Lithium,57,4qLwtWhlhyAoQ4S9mSrDW9,"['aussietronica', 'bass house']",0.795,0.836,0.0486,0.00702,0.546,0.736,133.995
90,"{'album_type': 'single', 'name': 'BOOM', 'release_date': '2018-01-26', 'total_tracks': 1, 'uri': 'spotify:album:47wyCwrChF50ZTFNOuWx99'}",Tiësto,179512,6iC7vapdKp0XlKhxOkp8QJ,BOOM,70,2o5jDhtHVPhrJdv3cEQ99Z,"['big room', 'brostep', 'dutch edm', 'edm', 'house', 'pop dance', 'slap house', 'trance']",0.886,0.84,0.0502,0.0164,0.00622,0.203,123.035
91,"{'album_type': 'album', 'name': 'CLUBLIFE, VOL. 5: CHINA', 'release_date': '2017-11-10', 'total_tracks': 36, 'uri': 'spotify:album:3yyMpOkLtbcbVJFzEESLN0'}",Tiësto,154146,4cs99TEADEOcGm5DRRFyOw,BOOM,58,2o5jDhtHVPhrJdv3cEQ99Z,"['big room', 'brostep', 'dutch edm', 'edm', 'house', 'pop dance', 'slap house', 'trance']",0.563,0.888,0.0579,0.000649,0.702,0.131,122.977
92,"{'album_type': 'compilation', 'name': 'Echelon Anniversary Vol. IV', 'release_date': '2012-05-31', 'total_tracks': 20, 'uri': 'spotify:album:1eHdzzbDI7m8ir4k2OCbGr'}",Tempo Giusto,447386,0zO1gT6HwCC5whJkCYKg4E,Diamonds For Hearts - Original Mix,0,0LyfQWJT6nXafLPZqxe9Of,[],0.753,0.815,0.152,0.0187,0.000627,0.211,131.985
93,"{'album_type': 'single', 'name': 'Trepidation', 'release_date': '2020-08-07', 'total_tracks': 1, 'uri': 'spotify:album:1M7Nh8lF4Xg3bIcwVAKitI'}",Stan Christ,262400,2xDPYggKsvXFblelNnCnu4,Trepidation,65,0aby7MYHsm3JS0eSifxu3I,[],0.674,0.961,0.0624,0.0623,0.895,0.124,150.045
94,"{'album_type': 'single', 'name': 'Acid People / Make Me Feel', 'release_date': '2020-02-24', 'total_tracks': 2, 'uri': 'spotify:album:1Yr7h1eB8jGZVV3HP4Z6EX'}",T78,345230,2Yz2KVCGu4mu4R4tfitG29,Acid People,35,5FgLkieOqGXPn01dnbJp9Z,"['dark techno', 'german dark minimal techno', 'italian techno', 'raw techno']",0.727,0.934,0.0925,0.00986,0.745,0.0492,129.977
95,"{'album_type': 'single', 'name': 'Everytime', 'release_date': '2016-05-02', 'total_tracks': 1, 'uri': 'spotify:album:4AXUOQblTpBpz1e4kGUVxk'}",Toby Green,157440,1hcJnBEipKvSyL9QE4bcQ7,Everytime,40,7IVgVM49Z4ztdmOqOIxhvP,"['dutch house', 'electro house', 'progressive electro house', 'sky room']",0.618,0.906,0.0357,0.0502,0.106,0.544,124.988
96,"{'album_type': 'compilation', 'name': 'Uncle Drew (Original Motion Picture Soundtrack)', 'release_date': '2018-06-15', 'total_tracks': 16, 'uri': 'spotify:album:4tedCRHFkPOlzi6HR54tqd'}",Logic,166080,17N5FdRwJuv3UXQ7MHnbhF,Ballin,72,0LyfQWJT6nXafLPZqxe9Of,[],0.737,0.854,0.221,0.0475,0.0,0.65,150.621
97,"{'album_type': 'single', 'name': 'Go Hard or Go Home', 'release_date': '2015-02-17', 'total_tracks': 1, 'uri': 'spotify:album:620mm7kLe8d8T6OiYZGhLD'}",Wiz Khalifa,232772,4IXiFMhtXEbSEG8UoAeTwD,Go Hard or Go Home,64,137W8MRPWKqSmrBGDBFSop,"['hip hop', 'pittsburgh rap', 'pop rap', 'rap', 'southern hip hop', 'trap']",0.651,0.741,0.0408,0.00293,1.2e-05,0.386,168.02
98,"{'album_type': 'album', 'name': 'Donda', 'release_date': '2021-08-29', 'total_tracks': 27, 'uri': 'spotify:album:340MjPcVdiQRnMigrPybZA'}",Kanye West,339249,2gbMPBrBVj3CuNTLp2dHYs,Off The Grid,1,5K4W6rqBFWDnAN6FQUkS6x,"['chicago rap', 'hip hop', 'rap']",0.546,0.64,0.37,0.0438,0.0,0.63,137.728
99,"{'album_type': 'single', 'name': 'Lane Switcha (feat. A$AP Rocky, Juicy J & Project Pat)', 'release_date': '2021-06-18', 'total_tracks': 1, 'uri': 'spotify:album:6MqVcIbsIBBGE5lNl9xxxR'}",Skepta,168727,3O7rBns1WnpXueDRcI5TgI,"Lane Switcha (feat. A$AP Rocky, Juicy J & Project Pat)",54,2p1fiYHYiXz9qi0JJyxBzN,"['birmingham grime', 'grime', 'instrumental grime', 'uk hip hop']",0.652,0.842,0.409,0.493,0.0,0.559,165.063
